外邦図_地図記号,外邦図_画像X(px),外邦図_画像Y(py),外邦図_緯度,外邦図_経度,現存結果,正解データ_種別,正解データ_固有名,正解データ_緯度,正解データ_経度,距離差_メートル
shrine,3981.5671997070312,1210.6726989746094,33.31587979630852,130.3801426961381,True,神社,名称不明,33.31528682502431,130.37981584668157,72.59
shrine,4650.641372680664,2278.0907440185547,33.27504459117348,130.41067221558978,True,神社,名称不明,33.274531704507844,130.41030317544934,66.55
shrine,4769.171417236328,2138.5020599365234,33.280377707312105,130.41605390555614,True,神社,名称不明,33.27995493619707,130.41621744632724,49.41
shrine,5093.417045593262,4076.3636932373047,33.20644095521818,130.4305702670838,True,神社,名称不明,33.20621411661011,130.429774671793,78.2
shrine,6529.55126953125,3461.091881752014,33.229875148207455,130.49586974719307,True,神社,琴平神社,33.22910662882156,130.4962840676308,93.74
shrine,5060.017992019653,4251.530456542969,33.19977091762644,130.429004126607,True,神社,名称不明,33.19906038110378,130.42910009622577,79.51
shrine,5632.434761047363,2107.8067169189453,33.28154062574374,130.45525196682797,False,神社,名称不明,33.2813877701714,130.459316521883,378.21
shrine,1235.2086486816406,1868.012405395508,33.290752857596964,130.25506321704228,True,神社,名称不明,33.29049322789922,130.25440245866778,67.86
shrine,2707.9733424186707,4159.25666809082,33.2032914061031,130.32199799492415,True,神社,名称不明,33.20286006932773,130.32194584608075,48.21
shrine,2009.1814575195312,924.8384399414062,33.32685195835844,130.2902497666624,False,神社,名称不明,33.32485378870972,130.2941782772541,427.31
shrine,4443.790100097656,1702.4511260986328,33.297054113876285,130.40123291043597,True,神社,名称不明,33.29651854090476,130.40060296654698,83.51
shrine,5386.964813232422,4036.653198242188,33.20795184501025,130.44391274364597,True,神社,名称不明,33.20750228796718,130.44417276978493,55.53
shrine,6357.645294189453,3875.295669555664,33.21409186178447,130.4879966978945,True,神社,名称不明,33.21384861152542,130.48793166875836,27.72
shrine,4615.10011100769,4156.440727233887,33.203393500223704,130.4088124230367,True,神社,名称不明,33.2031630497718,130.40889769792554,26.83
shrine,4468.338562011719,972.1984252929688,33.32500502044467,130.40222478869327,True,神社,名称不明,33.325340121469615,130.40264680981633,54.09
shrine,4936.019744873047,2939.3777465820312,33.24978908495234,130.42361818613676,False,神社,名称不明,33.250291785773946,130.41823714971545,503.5
shrine,3876.820992469788,3571.853881835937,33.22567113825116,130.37537273091982,True,神社,名称不明,33.225072488335925,130.3747183084488,90.2
shrine,5673.253890991211,3473.58459854126,33.22940606998315,130.45702806936845,True,神社,名称不明,33.22889572730998,130.45647874474523,76.36
shrine,1217.0224609375,1979.1829223632812,33.28650105567651,130.25423907343773,True,神社,名称不明,33.286271337431,130.25375336408618,51.87
shrine,5715.730499267578,3300.301878929138,33.236013082645314,130.45898199820306,True,神社,名称不明,33.23560281935412,130.4590201377869,45.76
shrine,3436.527313232422,4153.9370193481445,33.20349262206096,130.35519173947583,True,神社,名称不明,33.202735510396586,130.35520389676097,84.19
shrine,5873.219772338867,3936.088638305665,33.211779394956174,130.46600941045205,True,神社,名称不明,33.21144859737173,130.4660890996456,37.52
shrine,5388.06298828125,4790.584838867188,33.17925660307472,130.44372349926175,True,神社,名称不明,33.178390376780406,130.4434311389923,100.09
shrine,1376.3548822402954,1090.8631286621094,33.320498776637855,130.26140775074987,True,神社,名称不明,33.32008108427885,130.2610878646374,55.14
shrine,5465.591163635254,1732.8124136924744,33.295879629257,130.44764879556945,True,神社,矢俣八幡宮,33.29553322050377,130.44767707586288,38.61
shrine,5628.241851806641,2108.139892578125,33.281527944511225,130.4550617082919,False,神社,名称不明,33.2813877701714,130.459316521883,395.82
shrine,3832.2730712890634,2100.931640625,33.28182373570036,130.37345414503957,False,神社,名称不明,33.28066462920388,130.37120461463925,245.64
shrine,3220.536865234375,2309.4609813690186,33.27385954189418,130.3456143656719,False,神社,名称不明,33.272602042573126,130.33357322216037,1128.12
shrine,3522.6927032470703,4652.7056884765625,33.1845052855484,130.3589523054049,True,神社,名称不明,33.183952015711384,130.3589630126953,61.53
shrine,4563.365814208984,1235.6712493896484,33.31491474214662,130.4065981554785,True,神社,名称不明,33.31460094870469,130.40714755654332,61.84
shrine,3137.932518005371,3659.131378173828,33.222347150258344,130.34171547472906,True,神社,名称不明,33.2218111603479,130.3417190909386,59.6
shrine,1780.9771575927734,2348.569549560547,33.27237582295931,130.27999107735403,False,神社,名称不明,33.272421520013154,130.2875880897045,706.29
shrine,5890.475112915039,3004.7611236572266,33.247285277495884,130.4669444686388,True,神社,名称不明,33.24697083270341,130.46702384948728,35.74
shrine,3605.312774658203,2968.2570877075195,33.24869715938688,130.36310305609535,True,神社,名称不明,33.24770659002712,130.36244720220566,125.9
shrine,4156.665313720703,2058.162506103516,33.28345528401461,130.38820767794112,True,神社,名称不明,33.283135616389686,130.38714766502378,104.75
shrine,5768.00146484375,4225.812927246094,33.20074666907957,130.4611589158364,True,神社,名称不明,33.200533817877414,130.46147301793096,37.61
shrine,3195.3235626220703,1299.7733154296875,33.31247858683384,130.34437771407678,True,神社,名称不明,33.312925460166774,130.34596636891368,155.76
shrine,3314.4960021972656,4394.0845947265625,33.194348654218665,130.3495608402435,True,神社,名称不明,33.193937386261766,130.34990251064303,55.7
shrine,4727.2044677734375,2538.632781982422,33.265090722911,130.4141514256415,True,神社,名称不明,33.26461272114804,130.41401669383052,54.61
shrine,1953.548278808594,1353.3297729492188,33.31044203385873,130.28779234489937,True,神社,名称不明,33.309247117541354,130.2876551449299,133.48
shrine,2499.225341796875,2429.150451660156,33.26929180229422,130.31274905146918,True,神社,名称不明,33.269787642204385,130.31274586915967,55.14
shrine,4705.16374206543,1315.951141357422,33.31183965717355,130.413056027124,True,神社,名称不明,33.311388913610315,130.412855297327,53.48
shrine,4666.191711425781,1044.2143096923828,33.32224398040799,130.4112319609123,False,神社,名称不明,33.325340121469615,130.40264680981633,868.79
shrine,3572.8972091674805,1836.553588867188,33.29193497797211,130.3616341817733,True,神社,名称不明,33.29149654145152,130.3614105284214,53.0
shrine,5525.844589233398,3416.75439453125,33.23157397415149,130.45034627292674,False,神社,名称不明,33.23483779487401,130.4521295428276,399.02
shrine,5037.9932861328125,4091.196746826172,33.205876312410446,130.4280484871806,True,神社,名称不明,33.20550942948391,130.42790517210963,42.92
shrine,2801.932273864746,676.0064544677734,33.33637720517049,130.32632508372313,True,神社,名称不明,33.33626732525572,130.3274028003216,100.86
shrine,5085.141929626465,4688.309478759766,33.18314788905928,130.4300022617251,True,神社,名称不明,33.18243564825491,130.42963787913325,86.15
shrine,2493.47265625,1851.7102127075195,33.29136598936585,130.31246959865547,True,神社,名称不明,33.290738732504934,130.31189024448392,88.12
shrine,6335.443603515625,4042.8004150390634,33.2077119636168,130.48694996223102,True,神社,名称不明,33.20722064236467,130.48742339015004,70.18
shrine,1363.0538730621338,1531.9415283203125,33.30361060619267,130.26086929460328,True,神社,名称不明,33.30309602608601,130.2600431442261,95.75
shrine,4886.521675109863,1147.6644897460938,33.31827942799005,130.42126334861842,True,神社,名称不明,33.31771088387403,130.42073562741282,80.01
shrine,3345.604965209961,3293.0922470092773,33.236304346756924,130.35123944955066,True,神社,名称不明,33.23569255785744,130.35100892186168,71.33
shrine,5293.247596740723,4819.086866378784,33.17817281454141,130.43940662754315,True,神社,名称不明,33.17781118278418,130.43913826346397,47.34
shrine,3236.4222259521484,4684.421798706055,33.18329863607012,130.34590326289822,True,神社,名称不明,33.1825748274129,130.3455922007561,85.53
shrine,3203.641689300537,2573.885025024414,33.263757538568406,130.34484119574952,True,神社,名称不明,33.26327605032349,130.34468695521358,55.43
shrine,1416.4010772705078,1368.5379028320312,33.30986505181432,130.26328288192653,True,神社,名称不明,33.309826562067,130.26326045393947,4.76
shrine,2000.054588317871,1833.5685577392576,33.29206425642238,130.28996865908235,False,神社,名称不明,33.289043727724035,130.28855368494987,360.7
shrine,4460.326099395752,4611.638687133789,33.18606650823617,130.40163118780427,True,神社,名称不明,33.18577588702447,130.40200576186177,47.53
shrine,3766.2184295654297,4423.200546264648,33.19323952927422,130.37011823231188,True,神社,名称不明,33.192415580224065,130.3702899813652,93.0
shrine,6049.436180114746,3213.350830078125,33.239326345762805,130.4741336952046,True,神社,名称不明,33.23931118626432,130.47411158680913,2.66
shrine,6576.534362792969,2059.6780548095703,33.28336757472532,130.49806348985186,True,神社,名称不明,33.28338226281344,130.49820587038997,13.34
shrine,3098.044891357422,2119.7191667556763,33.28111257979872,130.34003168986712,False,神社,名称不明,33.28410089682868,130.34192159771922,375.87
shrine,2195.848571777344,1852.768867492676,33.291328161666506,130.29890008455527,True,神社,名称不明,33.29078469447764,130.29875680804253,61.88
shrine,5038.455108642578,2899.9417419433594,33.25129326601983,130.4282746981437,False,神社,名称不明,33.25257297525113,130.43592497706416,725.48
shrine,6334.538497924805,2972.304962158203,33.24851921697389,130.48708735414058,True,神社,名称不明,33.248155219501754,130.4866240918636,59.11
shrine,5723.883895874023,2087.262435913086,33.28232466543549,130.45940054991505,True,神社,名称不明,33.2813877701714,130.459316521883,104.47
shrine,1191.891284942627,1132.0823364257812,33.31892183107047,130.25299326312418,True,神社,名称不明,33.31833285759363,130.25253698229793,78.02
shrine,3118.8033142089844,1403.5389709472656,33.30850737546539,130.34090978154094,True,神社,名称不明,33.308512999508224,130.34075886011126,14.04
shrine,5674.901351928711,3126.0230407714844,33.24266086695564,130.4571505488661,False,神社,名称不明,33.245268248561786,130.45935139060018,354.89
shrine,5162.02766418457,3704.4826049804688,33.220608410108305,130.4337741768987,True,神社,名称不明,33.22044354287345,130.43266877532008,104.45
shrine,2901.431348800659,1737.140853881836,33.29574442346145,130.33105027886873,True,神社,名称不明,33.29559823629978,130.33063352108005,42.01
shrine,5917.689544677734,2278.5685424804688,33.275011850961555,130.46820131445352,True,神社,名称不明,33.27467858580211,130.46798542141914,42.14
shrine,4984.306213378906,3123.768356323242,33.242752784535405,130.42579365554386,True,神社,名称不明,33.24271206688356,130.42589217424396,10.22
shrine,3809.008850097656,2478.732788085937,33.26738716598468,130.3724007698044,True,神社,名称不明,33.266340719137354,130.37126764655113,156.97
shrine,1474.7159881591797,1897.6719665527344,33.28961660162241,130.26600048630624,True,神社,名称不明,33.288841939247405,130.26567846536636,91.19
shrine,4365.410659790039,799.5926303863525,33.33161865112351,130.39750474586407,True,神社,名称不明,33.33162746490324,130.3977437317371,22.22
shrine,5278.315612792969,3943.943359375001,33.2114837801591,130.4390020503986,True,神社,名称不明,33.210861767627954,130.43881773948672,71.26
shrine,1267.260597229004,1822.467224121094,33.292494823359334,130.2565236649996,True,神社,名称不明,33.292496480462646,130.25659248232844,6.4
shrine,4128.715599060059,4395.836730957031,33.194280361740645,130.38662199899588,True,神社,名称不明,33.19387117253749,130.38701623678207,58.45
shrine,2809.743408203125,1390.7743377685547,33.30899948369173,130.3268301518883,True,神社,名称不明,33.308393074295644,130.326301753521,83.41
shrine,6192.489181518555,3114.007957458496,33.243114365500105,130.48063302849738,True,神社,名称不明,33.2429543409294,130.48022300004956,42.08
shrine,4843.555324554443,4451.6021728515625,33.19215568494784,130.4191065887034,True,神社,名称不明,33.19149305661107,130.4192027449608,74.22
shrine,2354.7723388671875,2328.1179752349854,33.27315343829942,130.30616420968755,True,神社,名称不明,33.27255943479761,130.30620664358136,66.17
shrine,1314.389144897461,2243.881301879883,33.276379975308345,130.2586925373368,True,神社,名称不明,33.27520556245783,130.25814548134807,140.14
shrine,2847.6011962890625,4551.488765716553,33.18835748785441,130.3282354660814,False,神社,名称不明,33.19069509951731,130.33309713006022,521.76
shrine,2132.499626636505,2078.235092163086,33.28270668138448,130.2960236249989,True,神社,名称不明,33.28214117578377,130.29607191681862,63.04
shrine,5453.091522216797,2882.8621826171875,33.251941294874364,130.447104642047,True,神社,名称不明,33.25152211021022,130.44689923524857,50.37
shrine,3645.7876586914062,1986.0526447296145,33.28621744754778,130.36496240312266,False,神社,名称不明,33.28455830822152,130.3582951426506,646.62
shrine,4856.910675048828,2337.3715057373047,33.2727773916833,130.42004579142252,False,神社,名称不明,33.27333197781432,130.4150238633156,470.92
shrine,4556.249084472656,1870.0536041259768,33.29064279486917,130.40636086797994,False,神社,名称不明,33.286306090947846,130.40836393833158,516.91
shrine,4951.27018737793,1072.9419555664062,33.32113959425175,130.42418870014876,False,神社,名称不明,33.3215423955763,130.42134717106822,267.79
shrine,3614.0131835937495,1165.0149393081665,33.317632833426984,130.36341233002892,False,神社,名称不明,33.31872509099069,130.3565758466721,646.74
shrine,2783.93766784668,773.3709106445312,33.33264603813969,130.3255304243738,True,神社,名称不明,33.33250817220223,130.32553732395175,15.34
shrine,4497.3675537109375,3231.854202270508,33.23863318424032,130.40365159253523,True,神社,名称不明,33.23789897433642,130.4037062823772,81.8
shrine,5633.343650817871,3194.8231201171875,33.240036769210654,130.45525653323392,True,神社,名称不明,33.239396434228865,130.45498341321945,75.6
shrine,2507.6056518554688,1014.5587310791016,33.32340891929522,130.3129940618986,True,神社,名称不明,33.32317961785673,130.31276330351827,33.31
shrine,3728.853576660156,2460.796875,33.26807302482693,130.36875367413802,True,神社,名称不明,33.26749120370643,130.3683815896511,73.36
shrine,3446.217666625977,1026.5130462646484,33.32293911343168,130.35574760228397,False,神社,名称不明,33.31872509099069,130.3565758466721,474.86
shrine,3489.4795837402344,3793.290283203125,33.21723231682947,130.35769580166777,False,神社,名称不明,33.215064862853154,130.35055831074718,706.37
shrine,4229.651699066162,2259.054748535156,33.275776341730825,130.39153407259602,True,神社,名称不明,33.27566189924732,130.39106905460355,45.06
shrine,2956.7078857421875,4468.206100463867,33.191527411169574,130.3332365881569,True,神社,名称不明,33.19069509951731,130.33309713006022,93.45
shrine,5049.175796508789,4347.780044555664,33.196106758354745,130.4284826015408,True,神社,名称不明,33.19541652047522,130.4278635978699,95.96
shrine,5398.677499771118,4250.96809387207,33.19979080773021,130.44438587875118,True,神社,名称不明,33.19931736462629,130.44476956129077,63.61
shrine,4060.014263153076,4371.378143310547,33.19521160734821,130.3835043409417,True,神社,名称不明,33.194967620471225,130.38349047303197,27.16
shrine,5221.83203125,1710.753173828125,33.296726596911384,130.43658038228216,False,神社,名称不明,33.29911798466114,130.43390259146693,364.21
shrine,5844.753921508789,4244.509948730469,33.2000344341849,130.46463669525005,True,神社,名称不明,33.19970564397632,130.46452403068542,38.03
shrine,1282.9283142089844,2994.0011138916016,33.24772648526363,130.2572155818905,True,神社,名称不明,33.247167110034255,130.25695994496348,66.59
shrine,3927.231315612793,4725.948394775391,33.1817181997693,130.37733956858844,True,神社,名称不明,33.18145128612469,130.3767178952694,65.02
shrine,4414.960876464844,4378.114227294922,33.194954215487584,130.39964672456802,True,神社,名称不明,33.195315518174944,130.3978657722473,170.52
shrine,2370.7718200683594,726.8998413085938,33.33443236810165,130.30669008594714,True,神社,名称不明,33.33416535683568,130.30659556388852,30.96
shrine,5971.4908447265625,1990.4331817626955,33.28602253635084,130.470627125581,True,神社,名称不明,33.28564689285055,130.47072395682332,42.73
shrine,1886.2243347167969,930.3594207763672,33.32664186285858,130.28464247257332,True,神社,名称不明,33.326197360393884,130.2847570180893,50.56
shrine,5070.303680419922,4407.100311279297,33.19384868547636,130.42942387559037,True,神社,名称不明,33.19329993680359,130.42974919080737,68.11
shrine,6605.916404724121,3165.633781433105,33.24114098573356,130.49937077222083,True,神社,名称不明,33.241131660914085,130.50037845969203,93.72
shrine,2142.4952697753906,1347.335952758789,33.31066955333338,130.29640919779766,True,神社,名称不明,33.3101179640483,130.29673576354978,68.43
shrine,3467.383620262146,1133.7155151367188,33.31883326690586,130.35673297600252,True,神社,名称不明,33.31872509099069,130.3565758466721,18.92
shrine,2160.6554946899414,1794.2316913604736,33.29356755039449,130.29729054272806,True,神社,名称不明,33.29317692568113,130.29714480042458,45.5
shrine,3920.860824584961,1736.5894582271576,33.295754515894934,130.37745762301404,True,神社,名称不明,33.29506241501781,130.37696331739426,89.63
shrine,4088.582000732422,856.2823944091797,33.329450918408604,130.38493303634664,True,神社,名称不明,33.329274386464405,130.3852620720863,36.33
shrine,5493.314758300781,1922.917236328125,33.288609892791825,130.44892559708916,False,神社,名称不明,33.29050668022427,130.45124977827072,301.92
shrine,6365.606622695923,3472.653717041016,33.229435836697505,130.48843545261863,True,神社,名称不明,33.22904941622774,130.48827096819875,45.61
shrine,4625.7050704956055,3138.221708297729,33.24220417431237,130.4094970865587,True,神社,名称不明,33.241206812164336,130.40923699736592,113.51
shrine,6280.647186279297,3525.676406860352,33.22741531015958,130.48457433123014,True,神社,名称不明,33.22764489140319,130.48482567071912,34.62
shrine,3409.2687377929688,2526.9985961914062,33.265546828190324,130.3542057681064,True,神社,名称不明,33.26494240023674,130.35348728299144,94.76
shrine,3629.360931396485,4279.421157836914,33.19871363445171,130.36393413694026,True,神社,名称不明,33.19832084789407,130.36395594477654,43.72
shrine,5789.463401794434,797.2067184448242,33.33168683962259,130.46216881516938,True,神社,名称不明,33.33137423189444,130.462376922369,39.78
shrine,1675.6681823730469,1607.6767578125,33.30070943785747,130.27514737939802,True,神社,名称不明,33.300195178626105,130.27506485581398,57.7
shrine,1589.8543167114258,783.16064453125,33.33228576746713,130.27108607683525,True,神社,名称不明,33.33187733569045,130.2707934379578,52.93
shrine,5329.909194946289,4161.731323242188,33.20318884450059,130.44128846546124,True,神社,名称不明,33.20309123227986,130.44077038764956,49.41
shrine,3616.104705810547,2359.0196838378906,33.27196240467797,130.36362315670772,True,神社,名称不明,33.27231612157578,130.36319956183436,55.66
shrine,3663.5348358154297,2662.230865478516,33.26037992316168,130.36577491075911,True,神社,名称不明,33.25965617126115,130.36530777812004,91.45
shrine,5334.184005737305,3027.252212524414,33.24643227628778,130.441694053284,False,神社,名称不明,33.2422297600712,130.4387989640236,539.31
shrine,1294.691635131836,3746.17626953125,33.21903322961095,130.25762198660155,True,神社,名称不明,33.219031026255074,130.25702029466632,55.97
shrine,4834.637954711914,2210.939064025879,33.27760863948947,130.41903109807555,True,神社,名称不明,33.27690083599582,130.41856437921527,89.87
shrine,1248.430191040039,1429.9947052001953,33.307513856874216,130.25562264476446,True,神社,名称不明,33.30778111690444,130.256242454052,64.81
shrine,1567.4119567871094,3042.137664794922,33.245888035944,130.27019940354526,True,神社,名称不明,33.24561370309856,130.27047291398048,39.72
shrine,4152.733184814453,2650.6104736328125,33.26081963163836,130.38803193074716,True,神社,名称不明,33.25988830555355,130.38741052150723,118.59
shrine,6261.721420288086,3153.007553100586,33.24162600869375,130.48376835023214,True,神社,名称不明,33.24144348209749,130.4840317368507,31.81
shrine,6525.986511230469,3048.372100830078,33.245614961667386,130.49575979692145,True,神社,名称不明,33.245549771680096,130.4957650601864,7.27
shrine,2486.322265625,4430.010925292969,33.192981607645926,130.31180765524027,True,神社,名称不明,33.19243914821827,130.3122805058956,74.66
shrine,3474.5794072151184,1497.1972198486328,33.30491871425087,130.35712137616318,True,神社,名称不明,33.30360713913395,130.35758033394816,151.95
shrine,1839.2192993164065,3081.652569770813,33.24437882516289,130.2826003662673,True,神社,名称不明,33.2439851197573,130.28201445937157,69.9
shrine,4615.14466714859,4964.175750732422,33.172656459948705,130.40853569670787,False,神社,名称不明,33.17153970344893,130.40627449750895,244.36
shrine,4670.5595626831055,3721.069305419922,33.219979198732965,130.4114402350005,True,神社,名称不明,33.21962902058559,130.4110179841518,55.31
shrine,3994.690155029297,1691.7305908203125,33.297469594810615,130.38081113288692,True,神社,名称不明,33.29713618203446,130.38085386157033,37.29
shrine,4664.596282958984,3880.937347412109,33.213887373022665,130.41113348688685,True,神社,名称不明,33.21354566806698,130.410870462656,45.19
shrine,5755.046539306641,855.3309783935547,33.329460876960226,130.4606225944451,True,神社,名称不明,33.32932481024013,130.46098619699478,37.01
shrine,1910.2965698242188,1115.969482421875,33.31953148668403,130.2857786567253,True,神社,名称不明,33.31897836076072,130.28525054454803,78.68
shrine,3959.030258178711,3816.914978027344,33.216330130155875,130.37906174766425,True,神社,名称不明,33.2155304896525,130.37847742438316,104.22
shrine,3495.912124633789,2367.36531829834,33.271644588571284,130.35815234087357,False,神社,名称不明,33.27231612157578,130.36319956183436,475.13
shrine,2399.556381225586,1337.2720489501953,33.3110521021688,130.30812830225605,True,神社,名称不明,33.310615586718576,130.3075115382671,75.11
shrine,3385.6791458129883,2922.664123535156,33.25043884967269,130.35310861103284,True,神社,名称不明,33.2497826035922,130.35293743014338,74.69
shrine,2117.834306716919,4368.410827636719,33.195326888780706,130.29502119389244,True,神社,名称不明,33.195662292252614,130.29518276453018,40.21
shrine,1443.9995574951172,1731.4514465332031,33.295975385616,130.26458564125144,True,神社,名称不明,33.295967031880934,130.26462972164157,4.2
shrine,2097.2662963867188,960.518524169922,33.32548396133411,130.29427484259105,True,神社,名称不明,33.32485378870972,130.2941782772541,70.64
shrine,4173.130584716797,1028.876121520996,33.322838579632325,130.38881744275352,False,神社,名称不明,33.31897836076072,130.3872415423393,453.52
shrine,1688.392349243164,1440.9700164794922,33.307089668773216,130.27570742013123,True,神社,名称不明,33.30634759550627,130.2761323750019,91.48
shrine,4405.050811767578,3070.041046142578,33.244807205965124,130.39947406942252,True,神社,名称不明,33.2439537142707,130.39916932582852,99.05
shrine,5689.711875915527,4524.037902832031,33.189395918872975,130.45751342335694,True,神社,名称不明,33.189052025728465,130.4571868479252,48.84
shrine,2246.890914916992,3912.971450805664,33.21267482578199,130.30104137418817,True,神社,名称不明,33.2124786255335,130.3013531863689,36.3
shrine,6289.824401855469,3806.0491943359375,33.21673044872891,130.48493657305173,True,神社,名称不明,33.21617226518009,130.48488602042195,62.25
shrine,5127.770904541016,4002.516510009766,33.209253439805146,130.4321499278588,True,神社,名称不明,33.20952764100747,130.43151542544368,66.44
shrine,2027.0903778076167,1145.5489807128906,33.318397341496386,130.2911115866448,True,神社,名称不明,33.31822415259692,130.29112860560417,19.32
shrine,2695.9534616470337,1825.277244567871,33.29237510865764,130.3216959237331,True,神社,名称不明,33.292009964482844,130.32140001654622,49.04
shrine,3730.8185424804688,3869.745086669922,33.21431793596068,130.3686641412058,True,神社,名称不明,33.21391705416155,130.36846473813057,48.28
shrine,1623.5449676513672,3169.443298339844,33.24102932288622,130.27274529365346,True,神社,名称不明,33.24080077031248,130.27249127626422,34.7
shrine,2724.859108924866,1580.1115112304688,33.30175412808858,130.32298832068432,True,神社,名称不明,33.30124433706689,130.32304555177686,56.94
shrine,5507.701431274414,3005.255187988281,33.24727004721082,130.4495736928101,True,神社,名称不明,33.24604103295786,130.44940173625946,137.59
shrine,2683.7936401367188,2807.045944213867,33.25485712230585,130.32114452979363,True,神社,名称不明,33.25439093071368,130.32079517841336,61.18
shrine,5078.662796020508,1771.6327209472656,33.29440008472312,130.4300857604068,True,神社,名称不明,33.2936690400858,130.42958155274394,93.83
shrine,3073.6834716796875,3308.906265258789,33.23570249929194,130.338852355871,True,神社,名称不明,33.23525283831113,130.3383703529835,67.15
shrine,1747.1629333496094,1738.5742073059082,33.29570034765177,130.2784230143137,True,神社,名称不明,33.29516778599014,130.2781789004803,63.42
shrine,6035.8480224609375,870.3357696533203,33.32888131094786,130.47336243545084,True,神社,名称不明,33.33028957952845,130.47457158565518,192.72
shrine,4541.144592285156,3100.513153076172,33.24364350122768,130.4056577537456,True,神社,名称不明,33.24316184362925,130.40547519922254,56.18
shrine,3614.9056091308594,3970.04916381836,33.21049668100756,130.36336307143534,False,神社,名称不明,33.20780188607954,130.36173775792122,335.64
shrine,6511.644317626953,756.5046234130859,33.3332332162434,130.49490072969957,True,神社,名称不明,33.33303816098038,130.49448966979978,43.92
shrine,3408.6096954345703,1544.419986486435,33.30311240467974,130.35412480495702,True,神社,名称不明,33.30270708498338,130.35411089658737,45.09
shrine,4015.350646972656,3984.397201538086,33.20994865709953,130.3815834781743,True,神社,名称不明,33.20945021840097,130.3810080885887,77.05
shrine,4940.101211547852,2753.136001586914,33.25689797295657,130.42381645106,True,神社,名称不明,33.256384918563725,130.42307853698733,89.23
shrine,1735.3895874023438,3354.5677642822266,33.233965899553446,130.27782181374312,True,神社,名称不明,33.234126607755805,130.27710735797882,68.81
shrine,6622.266227722168,3978.254791259766,33.21016815833577,130.49996931928885,True,神社,名称不明,33.20959047669574,130.50059437751773,86.65
shrine,4986.089782714844,4334.246444702148,33.19662218859608,130.4256205567395,True,神社,名称不明,33.195719526677095,130.42385771870616,192.3
shrine,5239.158241271973,3664.229871749878,33.22214201555938,130.4372853771196,False,神社,名称不明,33.22044354287345,130.43266877532008,469.14
shrine,2406.694808959961,4565.278762817383,33.1878325952862,130.30812947708637,False,神社,名称不明,33.19243914821827,130.3122805058956,641.55
shrine,4127.42195892334,1139.403839111328,33.318606603151814,130.3867620633786,True,神社,名称不明,33.31897836076072,130.3872415423393,60.78
shrine,5642.518844604492,4062.75619506836,33.20695627585263,130.4555079714,True,神社,名称不明,33.20751463098084,130.45381397008896,169.39
shrine,5309.647636413574,2247.7850036621094,33.27619528962837,130.44060600083188,False,神社,名称不明,33.27052432867481,130.44421166181564,714.14
shrine,5425.6041259765625,4771.161956787109,33.17999525200817,130.4454355618982,False,神社,名称不明,33.178390376780406,130.4434311389923,258.16
shrine,6565.859928131104,3277.555288553238,33.236872830186655,130.49754185357563,True,神社,名称不明,33.23636559369673,130.49709945917132,69.81
shrine,5269.376831054688,3138.9349212646484,33.24217182672069,130.43873961948273,True,神社,名称不明,33.2422297600712,130.4387989640236,8.48
shrine,2583.8962631225586,3351.9119567871094,33.23406425696928,130.3165258845603,False,神社,名称不明,33.23385850890244,130.31207397580144,414.69
shrine,3796.647994995117,2663.178100585937,33.260342686289555,130.37183251385255,True,神社,名称不明,33.26023145946462,130.371602922678,24.67
shrine,3997.480407714844,4246.690835952759,33.19995896105207,130.38069764198764,True,神社,名称不明,33.19996823654917,130.3810121119022,29.28
shrine,5000.661017417908,4655.702133178711,33.18438864311927,130.42617574281215,True,神社,名称不明,33.18391385430607,130.4264581203461,58.97
shrine,4134.020797729492,3937.7465591430655,33.21172541843767,130.38699386168477,True,神社,風浪宮,33.211223066712,130.38674935698506,60.31
shrine,2466.465362548828,2750.730159759521,33.257008755528474,130.31124201195362,True,神社,名称不明,33.2566103327749,130.31122505664823,44.33
shrine,4361.086166381836,4373.297073364258,33.19513774694709,130.39719832186873,True,神社,名称不明,33.195315518174944,130.3978657722473,65.18
shrine,5793.651520729065,4714.06103515625,33.18216600754054,130.46216489139405,True,神社,名称不明,33.181459143106785,130.4624010622501,81.61
shrine,1702.1229248046875,1895.9022521972656,33.28968252079789,130.27637981538322,True,神社,名称不明,33.28934977268969,130.2761323750019,43.57
shrine,5046.698883056641,4795.041107177734,33.17908799136992,130.42821604517053,True,神社,名称不明,33.178381397057734,130.4284952580929,82.76
shrine,4905.890449523926,3248.289093017578,33.23800330897319,130.42221576689158,True,神社,名称不明,33.23793823391194,130.42203783988955,18.06
shrine,1293.7083129882812,2402.1011352539062,33.27033307154911,130.25774717851138,True,神社,名称不明,33.270098239845424,130.2580060064793,35.51
shrine,2108.2289276123047,2961.3331146240234,33.24897007864981,130.29488740304754,True,神社,与賀神社,33.24882815939575,130.29484480619428,16.27
shrine,3664.969440460205,3259.499298095703,33.237584000104164,130.36578364954212,True,神社,名称不明,33.23668752734149,130.3659676015377,101.14
shrine,3354.042907714844,1665.7219696044922,33.29847183225968,130.35165533176058,True,神社,名称不明,33.29905969699124,130.3509968519211,89.54
shrine,6296.443817138672,2855.9861450195312,33.252958456493644,130.48536847825218,True,神社,名称不明,33.25293185902971,130.4845158755779,79.34
shrine,4600.646057128906,1965.522979736328,33.28699193772795,130.40838601777563,True,神社,名称不明,33.286306090947846,130.40836393833158,76.29
shrine,3784.052795410156,1887.6232299804688,33.28997967712731,130.3712472220775,False,神社,名称不明,33.29506241501781,130.37696331739426,775.68
shrine,6535.6828780174255,1075.6351776123047,33.321010736623805,130.496069533228,True,神社,水天宮,33.32042063962593,130.49604535102847,65.65
shrine,3815.578857421875,1346.9584503173828,33.31066465710072,130.37261609592187,True,神社,櫛田神社,33.31016279503589,130.37258327007294,55.89
shrine,4297.117546081543,2270.631057739258,33.27533329648556,130.39460200837414,True,神社,名称不明,33.274771647868306,130.3940315544605,81.93
shrine,4464.804412841797,894.4583587646484,33.32798282399898,130.40204594215592,False,神社,名称不明,33.325340121469615,130.40264680981633,299.11
shrine,6224.520614624023,3657.42000746727,33.22239443260721,130.48200527996832,True,神社,名称不明,33.22209388089991,130.4814554750919,61.09
shrine,6058.53288269043,985.4732360839844,33.3244712940012,130.47441925582646,True,神社,名称不明,33.32490869738306,130.4745568335056,50.29
shrine,5243.650566101074,4419.360931396484,33.193381362759474,130.4372941997561,True,神社,名称不明,33.193210154817,130.43723925948146,19.71
shrine,1527.332015991211,920.4543151855468,33.327025429132746,130.26826431050415,True,神社,名称不明,33.32635311924074,130.26865974068645,83.3
shrine,1843.9349212646484,3877.1994819641113,33.2140386085056,130.28266581834748,True,神社,名称不明,33.2139585685213,130.2832831442356,58.11
shrine,2634.3604888916016,1496.1960754394531,33.30496639227948,130.31885367287077,True,神社,名称不明,33.30441303278901,130.31868696212766,63.45
shrine,1329.8254089355469,2825.2626037597656,33.254168518782954,130.2593741249221,True,神社,名称不明,33.25400401553869,130.25900110602382,39.21
shrine,5369.099578857422,2739.4591369628906,33.25741597821284,130.4433001962546,True,神社,名称不明,33.256849203916204,130.44336274266243,63.29
shrine,4463.646392822266,3658.9625854492183,33.22234745387154,130.40204698639857,True,神社,名称不明,33.22198954365972,130.40164098143575,54.87
shrine,3542.406265258789,1069.052703857422,33.321308589411736,130.3601344339331,False,神社,名称不明,33.31872509099069,130.3565758466721,438.01
shrine,2187.029693603516,2789.614761352539,33.25552555796738,130.29849707380626,True,神社,名称不明,33.255387930326975,130.29879033565518,31.27
shrine,5133.903518676758,3075.311996459961,33.24460028029496,130.43259415278516,False,神社,名称不明,33.24582905069037,130.43417751789096,200.87
shrine,3455.551696777344,1290.0872802734375,33.31284621898843,130.35622319732246,True,神社,名称不明,33.31238077936545,130.35601526498797,55.24
shrine,5274.1712646484375,4559.9063720703125,33.18803265229173,130.43863401507016,True,神社,名称不明,33.1877198114449,130.4391784965992,61.46
shrine,5714.301025390625,3769.306854248047,33.21813451084016,130.45883521875396,True,神社,名称不明,33.21763195038169,130.45883238315582,55.88
shrine,2286.1119689941406,2892.14133644104,33.251610542526635,130.303007215451,True,神社,佐嘉神社,33.25192025160063,130.30253067612645,56.12
shrine,2054.5091400146484,2517.996940135956,33.26590036675142,130.2924673117074,True,神社,名称不明,33.2656634287366,130.2924120426178,26.84
shrine,1199.5267028808594,2414.962783813477,33.26984210472111,130.2534458478018,True,神社,名称不明,33.26924717724948,130.25317132472995,70.91
shrine,5212.918746948242,4911.351303100586,33.17466417765944,130.43572200607062,True,神社,名称不明,33.175749176185306,130.43497011065486,139.47
shrine,4081.9796295166016,1804.9897079467771,33.293136507769006,130.384792737917,True,神社,名称不明,33.29205032075024,130.38424551486966,131.05
shrine,5447.2388916015625,908.0913696289062,33.32744511376907,130.44666888606042,True,神社,名称不明,33.32705234977044,130.4463104903698,54.92
shrine,1308.380859375,3626.171478271485,33.22360841672616,130.25827413040304,True,神社,名称不明,33.22396519865801,130.25792956352237,51.0
shrine,3536.74365234375,3014.194641113281,33.246944399659135,130.35997720771704,True,神社,名称不明,33.245765119429414,130.35943776369095,140.4
shrine,5206.308937072754,2853.244201660156,33.253074070258656,130.4359016863548,True,神社,名称不明,33.25257297525113,130.43592497706416,55.76
shrine,1489.810302734375,1426.577117919922,33.30764248521289,130.26664218223232,True,神社,名称不明,33.307394438316656,130.266330242157,40.01
shrine,4624.120872974396,4548.454513549805,33.18847041295977,130.4091002642326,True,神社,名称不明,33.18760308740834,130.40901973843572,96.73
shrine,3950.13786315918,4841.219104766846,33.17733324312352,130.37833760817023,True,神社,名称不明,33.176915444996126,130.37839159369466,46.73
shrine,4488.702980041504,3621.982177734375,33.22375690569498,130.40319352215184,True,神社,名称不明,33.22416152763734,130.40206745266912,114.0
shrine,4077.179210662842,5011.636932373047,33.17085215156995,130.3840488731941,True,神社,名称不明,33.17083249219369,130.38397997617722,6.77
shrine,2769.794609069824,4061.384634017944,33.20701934215613,130.3248436308419,True,神社,名称不明,33.206917675963815,130.32482922077176,11.38
shrine,5083.622146606445,1647.1584014892578,33.2991609498483,130.4302968224825,True,神社,名称不明,33.29854519452353,130.42945280671125,104.12
shrine,4332.340286254883,4591.458297729492,33.186834672806185,130.39581811303918,True,神社,名称不明,33.186275340545855,130.39595201611516,63.43
shrine,4398.396179199219,4159.2143630981445,33.20328870821177,130.39895907494525,True,神社,名称不明,33.2026614482454,130.39825201034543,95.88
shrine,5738.041198730469,4588.556488037109,33.18694080092895,130.45968524122358,True,神社,名称不明,33.18675122170135,130.46020567417145,52.82
shrine,5467.191146850586,3197.9350509643555,33.239919495288966,130.4477141589842,True,神社,名称不明,33.2389769237066,130.4476636648178,104.91
shrine,1800.372200012207,1278.4252853393557,33.31331143056302,130.28079254020992,True,神社,名称不明,33.312741658795304,130.28077125549316,63.39
shrine,2698.8704528808594,3594.724395751953,33.224804134789935,130.32172242626407,True,神社,名称不明,33.22504444165792,130.3220289945602,39.08
shrine,4568.896179199219,4504.597244262695,33.1901395827458,130.40660454989896,True,神社,名称不明,33.189367399522105,130.4066754877567,86.12
shrine,5162.630889892578,1639.7091827392578,33.299444841888764,130.43388374764697,True,神社,名称不明,33.29911798466114,130.43390259146693,36.39
shrine,2477.9669494628906,2475.869277954102,33.26750700871224,130.3117789995981,True,神社,名称不明,33.26738019269812,130.31135514378545,41.85
shrine,1199.3976135253906,2783.819290161133,33.25575162133852,130.25342108883365,True,神社,名称不明,33.25541484579438,130.25279313325885,69.37
shrine,3494.821144104004,2179.21728515625,33.278834663847135,130.35809997900532,False,神社,名称不明,33.28455830822152,130.3582951426506,636.7
shrine,5897.317840576172,4110.204742431641,33.205147863578176,130.4670590193328,True,神社,名称不明,33.20449278487649,130.4673108458519,76.52
shrine,6150.122085571289,4085.397430419922,33.20609099384832,130.478534358418,False,神社,名称不明,33.20458255529497,130.47729805111882,203.38
shrine,4978.369567871094,4924.451354980469,33.17416648783362,130.42506082527584,True,神社,名称不明,33.17373763470273,130.42471602559093,57.48
shrine,3159.532768249512,2789.0153198242188,33.255542483482685,130.3428209736454,True,神社,名称不明,33.25458270542623,130.34232929348948,116.1
shrine,5256.082183837891,943.3489990234374,33.326097800633725,130.4380004293376,True,神社,名称不明,33.32599453730543,130.43867155909538,63.4
shrine,4569.5806884765625,4205.883270263672,33.2015109248869,130.40672903444064,True,神社,名称不明,33.20107919641247,130.4066580533981,48.46
shrine,3367.326919555664,2863.422653198242,33.252700375426166,130.35227806528894,False,神社,名称不明,33.2497826035922,130.35293743014338,330.18
shrine,2072.4805908203125,2864.998291015625,33.25264790510717,130.29326598038847,True,神社,護国神社,33.25275017430101,130.29288545250893,37.17
shrine,3131.998321533203,907.876922607422,33.327487733755376,130.3414159722143,True,神社,名称不明,33.327264134833364,130.34136503934863,25.31
shrine,1226.067626953125,2315.746693611145,33.27363365048048,130.25465931666955,True,神社,名称不明,33.272908145191394,130.25409266352656,96.35
shrine,4297.054168701172,3650.5738525390634,33.222668107072,130.3944735808858,True,神社,名称不明,33.22211070947538,130.39404496550557,73.7
shrine,2618.509780883789,2000.125473022461,33.285689147138136,130.31817832682333,False,神社,名称不明,33.28188107220022,130.3170736134052,435.71
shrine,6427.37508392334,3942.4395446777344,33.211533705387,130.49114285428018,True,神社,名称不明,33.21079107850227,130.49139976501462,85.97
shrine,5048.835266113281,2006.2499542236328,33.285429638409,130.42875103828672,True,神社,名称不明,33.28516482306275,130.42823106050494,56.6
shrine,4601.0501708984375,2420.5323181152344,33.26960301294454,130.40841967292852,True,神社,名称不明,33.26956786847688,130.40752708911893,83.08
shrine,4141.775207519531,4781.636672973633,33.179599461216,130.38708014123694,True,神社,名称不明,33.17905599616072,130.38721337914464,61.69
shrine,5835.685317993164,2128.6537475585938,33.280741337284454,130.46447530122649,True,神社,名称不明,33.2803664018818,130.46447440981865,41.69
shrine,5572.034606933594,913.4114837646484,33.32723928482374,130.45233358965388,True,神社,名称不明,33.326704976330454,130.45262172818184,65.17
shrine,2216.537353515625,823.3055725097656,33.33073981642433,130.29968233739245,True,神社,名称不明,33.33055850286163,130.2995990216732,21.6
shrine,3742.433990478516,1006.0348205566406,33.32371944273409,130.3692230351504,False,神社,名称不明,33.32537710057764,130.36622777581215,333.8
shrine,2902.5654640197754,2739.033477783203,33.25745264841033,130.3311185219426,True,神社,名称不明,33.25755347747045,130.33053159713748,55.71
shrine,4804.509002685547,4685.285797119141,33.183263647258016,130.41725137345776,True,神社,名称不明,33.18249625856057,130.41776508092883,97.81
shrine,5781.9066162109375,2726.009240150452,33.2579252135219,130.46203718324222,True,神社,名称不明,33.257773281430026,130.462202578783,22.85
shrine,4608.524444580078,1404.7352676391602,33.30844288001159,130.4086796201504,False,神社,名称不明,33.30574683207246,130.41224643588063,446.92
shrine,6585.505676269531,4762.290954589844,33.18032831374646,130.4980652639384,True,神社,名称不明,33.17978334511553,130.4982635378838,63.34
shrine,6138.511474609375,4495.941192626953,33.19046303855635,130.47788737761385,True,神社,名称不明,33.190174347226524,130.4777285456657,35.34
shrine,3725.474319458008,1314.018768310547,33.31192669783594,130.36851110242824,True,神社,名称不明,33.31159401220034,130.36847546696663,37.14
shrine,2371.997985839844,958.8563537597656,33.32554436724676,130.30680088844224,True,神社,名称不明,33.32508238785659,130.30615031719205,79.32
shrine,4706.695556640625,4865.115556716919,33.17642346912614,130.41273736834168,True,神社,名称不明,33.17581877110225,130.41326433420178,83.23
shrine,2585.9919967651367,2486.4549865722656,33.267101835114254,130.31670300860011,False,神社,名称不明,33.269787642204385,130.31274586915967,473.86
shrine,3958.22297668457,2660.417938232422,33.260446763338514,130.3791839614962,True,神社,名称不明,33.2602538877779,130.3778068721294,129.83
shrine,3830.08236694336,4951.655914306641,33.17313308322698,130.37282936345773,True,神社,名称不明,33.17272960157278,130.37244647741318,57.3
shrine,3342.540885925293,1607.0689239501953,33.30071598730093,130.35112491689256,True,神社,名称不明,33.29905969699124,130.3509968519211,184.56
shrine,5655.184310913086,4844.337371826172,33.17721148249898,130.4558312028199,True,神社,名称不明,33.17693677219272,130.4558765888214,30.84
shrine,6278.710231781006,806.3939361572266,33.33132629741923,130.48435692977662,True,神社,名称不明,33.33096748883967,130.48439517617223,40.06
shrine,2843.9658203125,2310.1919860839844,33.27383472693063,130.32846121265158,False,神社,名称不明,33.272602042573126,130.33357322216037,494.61
shrine,1591.4251251220703,2845.6017150878906,33.25339077107585,130.27131603748143,False,神社,名称不明,33.24561370309856,130.27047291398048,868.32
shrine,1918.5797119140625,1269.5025634765625,33.313651858827306,130.28618385274044,True,神社,名称不明,33.31284140470961,130.28583526611328,95.76
shrine,2521.762418746948,1865.5181732177732,33.29083761800704,130.31376015153572,True,神社,名称不明,33.290738732504934,130.31189024448392,174.15
shrine,2646.770446777344,3074.5313873291016,33.244646925974244,130.31943105078852,True,神社,名称不明,33.24416345784231,130.319197922945,57.97
shrine,4721.850006103516,4993.548889160156,33.17153943798747,130.41337440434913,True,神社,名称不明,33.170967199539355,130.41381150484088,75.52
shrine,2607.686584472656,3582.3429565429688,33.22527650724617,130.3175684784175,True,神社,名称不明,33.224614765426864,130.31761139631269,73.69
shrine,723.607177734375,643.8693828582764,33.33763468533369,130.23149501930246,False,神社,名称不明,33.31879457215131,130.25086194276813,2761.58
shrine,2869.039001464844,3462.462338447571,33.22984677165271,130.3295029289256,True,神社,名称不明,33.22943307643508,130.32962366938594,47.35
shrine,5784.502780914307,3714.596374511719,33.220218810760784,130.46203248584604,True,神社,名称不明,33.220241595905755,130.46176001429558,25.47
shrine,4952.288146972656,2094.165405273437,33.28207020686527,130.42437092115247,True,神社,名称不明,33.2813373186704,130.42398780584338,88.94
shrine,4758.511917114258,4343.013931274414,33.196289272963,130.41527607909305,False,神社,名称不明,33.1952358385003,130.41026294231412,480.95
shrine,4366.866271972656,947.2894439697266,33.32596059849458,130.3976068592203,True,神社,名称不明,33.32635648093942,130.39694711565969,75.47
shrine,4399.131103515625,3775.7301483154297,33.21789753405538,130.399088938598,True,神社,名称不明,33.2171618468913,130.39837539196012,105.35
shrine,6464.962158203125,2319.778570175171,33.27343058648263,130.49301848060497,True,神社,名称不明,33.27348334610964,130.49264430999753,35.28
shrine,5565.691925048828,3328.7369689941406,33.23492993709578,130.4521682510925,True,神社,名称不明,33.23483779487401,130.4521295428276,10.86
shrine,2498.8598606586456,1851.982650756836,33.29135551997632,130.3127151853203,True,神社,名称不明,33.290738732504934,130.31189024448392,102.87
shrine,4168.573348999023,2324.628845214844,33.27327128215394,130.38875756103363,False,神社,名称不明,33.27566189924732,130.39106905460355,341.82
shrine,6612.083793640137,4172.924072265625,33.20275525849811,130.49945795094354,True,神社,名称不明,33.202205852422125,130.49903199076655,72.82
shrine,4661.003021240234,4930.716049194336,33.17392876049113,130.41063410576749,False,神社,名称不明,33.17581877110225,130.41326433420178,322.63
shrine,5110.006851196289,2462.498992919922,33.267994709709065,130.43154285285647,True,神社,名称不明,33.26755287642783,130.43118685483935,59.24
shrine,4533.453590393066,2891.2672119140625,33.25162869994892,130.40532807210943,True,神社,名称不明,33.25141220043645,130.40472418069837,61.1
shrine,4956.220947265625,784.5369720458984,33.33218616466256,130.42434492777147,False,神社,名称不明,33.324110837340896,130.42341113090518,902.12
shrine,4311.269332885742,4526.0446853637695,33.18932400130185,130.3948824766574,True,神社,名称不明,33.188892654909765,130.39521306753156,56.98
shrine,1831.556205749512,1083.7432403564453,33.320766660427246,130.28218034584484,True,神社,名称不明,33.320553995984575,130.28205335140228,26.43
shrine,6064.659523010254,815.2861480712891,33.33098946504517,130.47465471014073,True,神社,名称不明,33.33028957952845,130.47457158565518,78.21
shrine,4355.930938720703,2638.7713928222656,33.26126994550286,130.3972724730916,False,神社,名称不明,33.26275348720799,130.40307730436322,564.37
shrine,6174.73867225647,865.9222259521484,33.32904793831652,130.4796589419888,False,神社,千栗八幡,33.33141344944398,130.47866597771642,278.74
shrine,5161.744781494141,3021.008819580078,33.24667202102862,130.43386406315446,True,神社,名称不明,33.24582905069037,130.43417751789096,98.16
shrine,1177.1605834960938,1857.709903717041,33.29114736891002,130.25241163119128,True,神社,名称不明,33.29098759948242,130.2512173354626,112.42
shrine,5689.345542907715,934.6341247558594,33.32642449760083,130.45766155804893,True,神社,名称不明,33.326701614645216,130.45730754733086,45.07
shrine,5293.743927001953,4430.0802001953125,33.19297318532902,130.43956588772414,True,神社,名称不明,33.192307840741215,130.44052228331566,115.73
shrine,6163.923751831055,4431.20631980896,33.19292637730937,130.47906084547282,True,神社,名称不明,33.19259290116769,130.47937810420987,47.4
shrine,5272.280784606934,4966.382904052734,33.17257147070685,130.43839623308088,True,神社,名称不明,33.17208077233428,130.43853878974917,56.15
shrine,4891.012390136719,1056.8203125,33.3217578587761,130.42144827051246,True,神社,名称不明,33.3215423955763,130.42134717106822,25.73
shrine,6063.432106018066,2238.8458251953125,33.276527732162464,130.4748106522522,True,神社,玉垂宮,33.27577738459225,130.47433555126187,94.4
shrine,6276.439804077148,3199.5459747314453,33.23985075049992,130.48443044828952,True,神社,名称不明,33.239695923129545,130.48427447676656,22.51
shrine,4183.9378662109375,1921.3015136718748,33.28868747408399,130.38943918598738,True,神社,名称不明,33.28804935443731,130.38923308253283,73.5
shrine,4277.211879730225,2741.796371459961,33.25733679285926,130.39368825535553,True,神社,名称不明,33.25710938206885,130.39337307214734,38.71
shrine,4110.8391036987305,2197.2989044189453,33.2781375849131,130.38612934104685,True,神社,名称不明,33.277049955704065,130.38574218749997,126.18
shrine,6521.319793701172,2785.820556640625,33.25563398241105,130.49556693855126,True,神社,名称不明,33.255553908910485,130.49522727727887,32.81
shrine,3194.245574951172,1513.0196838378906,33.3043164349166,130.344360895908,True,神社,名称不明,33.304243784530655,130.3441518545151,21.04
shrine,6339.644917488098,4042.284576416016,33.20773158014022,130.48714060357412,True,神社,名称不明,33.20722064236467,130.48742339015004,62.61
shrine,3303.643585205078,1799.1159057617188,33.29336967889404,130.34937406876656,True,神社,名称不明,33.293148900859286,130.34911260008812,34.54
shrine,5392.155883789063,2392.931121826172,33.27064900968988,130.4443544198123,True,神社,名称不明,33.27052432867481,130.44421166181564,19.19
shrine,4643.362579345703,882.2393493652344,33.32844816497694,130.41015729774506,False,神社,名称不明,33.332043168821734,130.40970638394353,401.94
shrine,5600.932189941406,4026.884414672852,33.20832270573357,130.4536294698715,True,神社,名称不明,33.20751463098084,130.45381397008896,91.48
shrine,4758.458969116211,4312.096099853516,33.19746628153458,130.41528316527803,False,神社,名称不明,33.1952358385003,130.41026294231412,528.88
shrine,5723.56770324707,3047.730453491211,33.245647374681745,130.45936717767833,True,神社,名称不明,33.245268248561786,130.45935139060018,42.18
shrine,5842.587448120117,3784.492584228516,33.21755500114723,130.4646536875394,True,神社,名称不明,33.217061991648045,130.46473592519757,55.35
shrine,2968.470443725586,2324.059326171875,33.273303793736204,130.3341335946435,True,神社,名称不明,33.272602042573126,130.33357322216037,93.82
shrine,3459.541581630707,1289.9169311523438,33.31285269093252,130.35640477689594,True,神社,名称不明,33.31238077936545,130.35601526498797,63.75
shrine,6283.03498840332,4652.4739990234375,33.184506779444206,130.4843896058439,True,神社,名称不明,33.18414731205486,130.4844823479652,40.89
shrine,5654.835388183594,4239.22867679596,33.20023649166158,130.45601874744307,True,神社,名称不明,33.200971467588374,130.45615151524544,82.65
shrine,2445.4127197265625,2143.898376464844,33.28019385782489,130.3102940838571,True,神社,名称不明,33.28008386979467,130.31047001481053,20.42
shrine,5137.2388916015625,2303.4814453125,33.2740691560003,130.43277860677293,True,神社,名称不明,33.27371880738074,130.4322516918183,62.59
shrine,2674.0106658935547,3100.8302001953125,33.24364318032928,130.3206694736626,True,神社,名称不明,33.24416345784231,130.319197922945,148.58
shrine,4379.090621948242,2852.5420837402344,33.25310812390595,130.39831345273504,True,神社,名称不明,33.25304961744837,130.39785370230672,43.24
shrine,3716.722288131714,2315.547958374024,33.27362254629313,130.36820201725544,True,神社,名称不明,33.27351474098247,130.36700159311297,112.24
shrine,5431.507385253906,2632.880340576172,33.26148450527244,130.4461377719321,False,神社,名称不明,33.25867267758525,130.44890150427818,404.71
shrine,5953.789886474609,4985.652252197266,33.17183713323104,130.46932772613857,True,神社,名称不明,33.17197637548575,130.4686291515827,66.84
shrine,5090.778800964356,3866.3398094177246,33.21444126476174,130.43050252803042,True,神社,名称不明,33.2137902669409,130.43014213442805,79.77
shrine,5503.634170532227,4340.412887573242,33.19638527403364,130.44912477280607,True,神社,名称不明,33.196085377212576,130.4490812122822,33.59
shrine,2327.5294494628906,2254.7277221679688,33.2759584474492,130.30492169821463,True,神社,名称不明,33.27555874715956,130.30478775501248,46.16
shrine,1468.9404754638672,2179.287666320801,33.27884817368869,130.26574814659807,False,神社,名称不明,33.27520556245783,130.25814548134807,814.6
shrine,4177.591171264648,4310.475463867188,33.197529870863875,130.38887219366188,True,神社,名称不明,33.19731983092989,130.38816154003143,70.13
shrine,6070.466278076172,4197.476837158203,33.20182382417212,130.47489089545937,True,神社,名称不明,33.201465223610285,130.47523677349088,51.24
shrine,6080.784957885742,4219.644241333008,33.20097979523301,130.47535277376366,True,神社,名称不明,33.200661746480755,130.47541648149488,35.86
shrine,4762.946716308594,3441.414337158203,33.2306392236637,130.41569163107826,True,神社,名称不明,33.229873947051274,130.4145558178425,135.65
shrine,4064.9670267105103,4993.1488037109375,33.17155516253465,130.3835009792965,True,神社,名称不明,33.17164746847255,130.3832638263702,24.34
shrine,3421.979248046875,958.6419067382812,33.32553913698012,130.35462948129876,False,神社,名称不明,33.31872509099069,130.3565758466721,778.97
shrine,4871.457412719727,4249.868469238281,33.199834975181865,130.42043713723024,True,神社,名称不明,33.19964167899955,130.4205679893494,24.7
shrine,6215.799270629883,1818.8716583251955,33.29257818033502,130.4816911323697,True,神社,名称不明,33.29188553254082,130.48115909099576,91.53
shrine,1993.9755630493164,2868.218460083008,33.2525253542953,130.28968435442772,True,神社,名称不明,33.252812978941314,130.289835780859,34.94
shrine,5078.57014465332,4486.65087890625,33.19082099358744,130.42977362576346,False,神社,名称不明,33.19329993680359,130.42974919080737,275.66
shrine,2109.8510131835938,3670.73539352417,33.221907882686324,130.29484751281018,True,神社,名称不明,33.2223306025641,130.29413536190987,81.23
shrine,5709.143402099609,4912.997627258301,33.17460033298767,130.45825380935958,True,神社,名称不明,33.17500944615252,130.4581993818283,45.77
shrine,5021.416595458984,3901.658508300781,33.21309606057076,130.42734325213942,True,神社,名称不明,33.21258634019667,130.4273968935013,56.9
shrine,1797.9502868652344,1404.5806884765625,33.3084815849174,130.28070141773136,False,神社,名称不明,33.30898149081397,130.27729377150538,321.51
shrine,5136.836151123047,2306.982809782028,33.27393538378035,130.4327603824829,True,神社,名称不明,33.27371880738074,130.4322516918183,53.07
shrine,6338.702189922333,2972.8430557250977,33.24849864157919,130.4872760901607,True,神社,名称不明,33.248155219501754,130.4866240918636,71.65
shrine,6170.8750858306885,682.5689086914062,33.33607208286308,130.47943432049453,False,神社,千栗八幡,33.33141344944398,130.47866597771642,522.91
shrine,1630.705696105957,1927.264850616455,33.28848357837789,130.27312243754108,False,神社,名称不明,33.28934977268969,130.2761323750019,295.89
shrine,6805.752304077148,1199.0521392822266,33.31628139900342,130.5083320651202,False,神社,名称不明,33.31539777509833,130.5003207921982,750.87
shrine,6125.384994506836,3493.367584228516,33.22864823357313,130.4775384091152,True,神社,名称不明,33.229320895262,130.4781429469585,93.58
shrine,4418.927992343903,4377.694610595703,33.19497017716876,130.39982725307064,True,神社,名称不明,33.195315518174944,130.3978657722473,186.51
shrine,2373.2649841308594,963.5051279067994,33.325366260624314,130.3068596583812,True,神社,名称不明,33.32508238785659,130.30615031719205,73.07
shrine,5571.364159107208,3328.6809310913086,33.23493202782127,130.45242573079423,True,神社,名称不明,33.23483779487401,130.4521295428276,29.47
shrine,6533.279940128326,3459.792861938477,33.22992463657,130.49603897166847,True,神社,琴平神社,33.22910662882156,130.4962840676308,93.77
shrine,2981.495864868164,1891.2385406494143,33.28984962382469,130.3347105712001,True,神社,名称不明,33.28987553974008,130.33450797200206,19.05
shrine,5370.4886474609375,3392.651035308838,33.232494239769046,130.4432968780735,True,神社,名称不明,33.232122016091154,130.44268280267715,70.54
shrine,4405.671691894531,3074.713032722473,33.24462893382113,130.39950179260782,True,神社,名称不明,33.2439537142707,130.39916932582852,81.2
shrine,4554.296676635742,4982.156173706055,33.17197282148749,130.40576183354116,True,神社,名称不明,33.17153970344893,130.40627449750895,67.8
shrine,6120.609786987305,4929.950286865234,33.173954458138866,130.4769187348387,True,神社,名称不明,33.174037348330536,130.47645449638364,44.18
shrine,5211.396511077881,2059.6691284179688,33.283385683485626,130.43613670051764,True,神社,名称不明,33.2830661068171,130.4353751242161,79.21
shrine,5565.048919677734,3325.2867126464844,33.23506151817042,130.45213955474765,True,神社,名称不明,33.23483779487401,130.4521295428276,24.89
shrine,6159.425354003906,4970.071228027344,33.172428884450966,130.4786635617784,False,神社,名称不明,33.17254101502282,130.4813830554485,253.42
shrine,4939.722259521484,987.2648735046386,33.32442082614333,130.42364521375083,True,神社,名称不明,33.324110837340896,130.42341113090518,40.76
shrine,4369.040313720703,1455.5845947265625,33.30650008412354,130.39780272691644,True,神社,名称不明,33.3060068645145,130.3976860642433,55.9
shrine,6531.081367731094,3047.818557739258,33.24563602672835,130.4959907845608,True,神社,名称不明,33.245549771680096,130.4957650601864,23.08
shrine,4344.112655639648,2058.193328857422,33.2834520806595,130.39673092881816,True,神社,名称不明,33.28296856909769,130.39639458060262,62.19
shrine,723.217529296875,637.2184448242188,33.33788966762691,130.23147548946935,False,神社,名称不明,33.31879457215131,130.25086194276813,2784.32
shrine,3459.2142972946167,1075.8235168457031,33.32105038292132,130.35634949802352,False,神社,名称不明,33.31872509099069,130.3565758466721,259.41
shrine,5628.845458984375,3195.4996643066406,33.24001100231376,130.45505229326722,True,神社,名称不明,33.239396434228865,130.45498341321945,68.64
shrine,3650.4655890464783,1986.0373306274412,33.286217985157805,130.3651752897353,False,神社,名称不明,33.28455830822152,130.3582951426506,665.63
shrine,2109.214172363281,1980.9629554748535,33.28642621669115,130.2949571927219,True,神社,名称不明,33.28612671780905,130.29496818780896,33.32
shrine,2499.158929347992,3927.352935791016,33.212126363436845,130.31254192680203,False,神社,名称不明,33.21535209317156,130.30991077423093,434.25
shrine,3733.977569580078,636.3917083740234,33.33788214496954,130.36874658949895,False,神社,名称不明,33.32994670107479,130.36678031086922,901.09
shrine,1923.0598940849304,1269.463897705078,33.313653292700685,130.28638822013022,True,神社,名称不明,33.31284140470961,130.28583526611328,103.88
shrine,4700.285835266113,2315.780447244644,33.27360397423228,130.4129289042143,True,神社,名称不明,33.27333197781432,130.4150238633156,197.09
shrine,4859.630676269531,2229.4716796875,33.27690016008398,130.42016714001295,True,神社,名称不明,33.27690083599582,130.41856437921527,149.0
shrine,1273.0966262817385,637.4355621337891,33.33787509591426,130.25659058313929,False,神社,名称不明,33.325281851328135,130.2581857144833,1408.12
shrine,5278.729461669922,2885.7760009765625,33.25183172983863,130.4391880071715,False,神社,名称不明,33.25257297525113,130.43592497706416,314.42
shrine,2483.9876251220703,2940.773406982422,33.24975299068879,130.3120250527575,False,神社,名称不明,33.25294195261467,130.31055316329,380.09
shrine,1213.051742553711,1981.231216430664,33.28642275031789,130.25405783942782,True,神社,名称不明,33.286271337431,130.25375336408618,32.93
shrine,3446.079620361328,1021.3141021728516,33.323138241290174,130.35574020644916,False,神社,名称不明,33.31872509099069,130.3565758466721,496.82
shrine,5479.502983093262,4702.375106811523,33.18261161903741,130.44790831070125,True,神社,名称不明,33.18252319646072,130.44797345995903,11.55
shrine,3143.612930297852,4507.920715332031,33.19001558637416,130.341738820069,False,神社,名称不明,33.19696184114343,130.34333109855655,786.47
